{"cameraMode":{"drawMode":0,"name":"Shaded","section":"Shading Mode"},"sceneLighting":false,"audioPlay":false,"sceneViewState":{"m_AlwaysRefresh":false,"showFog":true,"showSkybox":false,"showFlares":true,"showImageEffects":true,"showParticleSystems":true,"showVisualEffectGraphs":true,"m_FxEnabled":true},"in2DMode":false,"pivot":{"x":1094.2762451171875,"y":562.428955078125,"z":115.00930786132813},"rotation":{"x":-0.13340547680854798,"y":0.009524831548333168,"z":-0.0012883621966466308,"w":-0.9910225868225098},"size":246.6422119140625,"orthographic":false}